-- -----------------------------------------------------
-- Table `electro8DB`.`categories`
-- -----------------------------------------------------

insert into categories (id, name, created_at, updated_at, deleted_at) values (1, 'dualciclos', '2020-11-22 18:18:07', '2019-12-24 06:41:21', '2020-01-02 08:17:49');
insert into categories (id, name, created_at, updated_at, deleted_at) values (2, 'monopatines', '2020-04-21 11:27:20', '2020-04-14 18:56:49', '2020-09-15 20:30:34');
insert into categories (id, name, created_at, updated_at, deleted_at) values (3, 'monociclos', '2020-01-09 23:30:49', '2019-12-21 00:17:02', '2020-01-09 20:56:18');
insert into categories (id, name, created_at, updated_at, deleted_at) values (4, 'bicicletas', '2020-09-24 07:52:35', '2020-05-24 19:31:16', '2020-02-08 05:41:10');
insert into categories (id, name, created_at, updated_at, deleted_at) values (5, 'accesorios', '2020-09-24 07:52:35', '2020-05-24 19:31:16', '2020-02-08 05:41:10');
insert into categories (id, name, created_at, updated_at, deleted_at) values (6, 'novedades', '2020-09-24 07:52:35', '2020-05-24 19:31:16', '2020-02-08 05:41:10');
insert into categories (id, name, created_at, updated_at, deleted_at) values (7, 'visitados', '2020-09-24 07:52:35', '2020-05-24 19:31:16', '2020-02-08 05:41:10');

-- -----------------------------------------------------
-- Table `electro8DB`.`warranties`
-- -----------------------------------------------------

insert into warranties (id, duration, country_origin, oficial_coverage, created_at, updated_at, deleted_at) values (1, 3, 'Chile', 1, '2020-08-09 10:41:40', '2020-09-29 12:27:53', '2020-03-02 13:18:53');
insert into warranties (id, duration, country_origin, oficial_coverage, created_at, updated_at, deleted_at) values (2, 3, 'Sweden', 1, '2020-01-27 02:11:45', '2020-02-18 16:03:15', '2020-04-08 08:36:12');
insert into warranties (id, duration, country_origin, oficial_coverage, created_at, updated_at, deleted_at) values (3, 1, 'Canada', 0, '2020-10-09 11:23:13', '2020-01-01 06:25:40', '2020-10-12 12:38:38');
insert into warranties (id, duration, country_origin, oficial_coverage, created_at, updated_at, deleted_at) values (4, 2, 'Brazil', 0, '2020-10-25 06:18:23', '2020-10-08 16:56:53', '2020-04-30 01:48:37');
insert into warranties (id, duration, country_origin, oficial_coverage, created_at, updated_at, deleted_at) values (5, 2, 'Philippines', 1, '2020-05-06 22:41:13', '2020-10-11 01:13:50', '2020-03-26 00:19:49');
insert into warranties (id, duration, country_origin, oficial_coverage, created_at, updated_at, deleted_at) values (6, 2, 'Indonesia', 1, '2020-01-09 11:32:00', '2020-09-24 00:40:52', '2020-09-28 02:04:40');
insert into warranties (id, duration, country_origin, oficial_coverage, created_at, updated_at, deleted_at) values (7, 1, 'Jamaica', 0, '2020-11-14 15:09:42', '2020-12-04 04:48:17', '2020-04-02 13:43:25');
insert into warranties (id, duration, country_origin, oficial_coverage, created_at, updated_at, deleted_at) values (8, 1, 'Greece', 0, '2020-08-30 05:08:29', '2020-02-26 02:26:52', '2020-09-27 07:08:14');
insert into warranties (id, duration, country_origin, oficial_coverage, created_at, updated_at, deleted_at) values (9, 1, 'Argentina', 0, '2020-05-15 06:41:15', '2020-12-12 12:32:01', '2020-05-14 02:24:27');
insert into warranties (id, duration, country_origin, oficial_coverage, created_at, updated_at, deleted_at) values (10, 1, 'Russia', 1, '2020-07-06 23:34:56', '2020-09-28 18:17:49', '2020-09-19 13:41:30');


-- -----------------------------------------------------
-- Table `electro8DB`.`users`
-- -----------------------------------------------------

insert into users (id, username, email, password, first_name, last_name, address, profile, image, created_at, updated_at, deleted_at) values (1, 'dpembry0', 'dpembry0@walmart.com', 'Gn2MiqgU', 'Dulcinea', 'Pembry', '38259 East Plaza', 'standard', '', '2020-03-17 02:51:37', '2020-10-11 17:47:04', '2020-06-06 08:42:11');
insert into users (id, username, email, password, first_name, last_name, address, profile, image, created_at, updated_at, deleted_at) values (2, 'apestell1', 'apestell1@booking.com', '1PHqYB6J2S4', 'Anne', 'Pestell', '6973 Gateway Parkway', 'standard', '', '2020-11-01 17:35:20', '2020-04-10 00:34:12', '2020-01-29 07:23:44');
insert into users (id, username, email, password, first_name, last_name, address, profile, image, created_at, updated_at, deleted_at) values (3, 'grosenqvist2', 'grosenqvist2@eventbrite.com', 'AYSeNZ', 'Georgianna', 'Rosenqvist', '8 Amoth Hill', 'standard', '', '2020-10-11 10:58:17', '2020-06-08 12:53:08', '2020-08-16 13:11:11');
insert into users (id, username, email, password, first_name, last_name, address, profile, image, created_at, updated_at, deleted_at) values (4, 'moflaverty3', 'moflaverty3@vkontakte.ru', 'OTIZQp9tJZ', 'May', 'O''Flaverty', '45494 Vernon Park', 'standard', '', '2020-01-28 06:46:52', '2020-08-01 13:56:35', '2019-12-24 03:12:42');
insert into users (id, username, email, password, first_name, last_name, address, profile, image, created_at, updated_at, deleted_at) values (5, 'ahaysman4', 'ahaysman4@ted.com', 'DTonwww67X', 'Alejoa', 'Haysman', '33 Sutherland Avenue', 'standard', '', '2019-12-23 05:45:10', '2020-03-19 18:38:03', '2020-05-13 14:37:23');
insert into users (id, username, email, password, first_name, last_name, address, profile, image, created_at, updated_at, deleted_at) values (6, 'pcroley5', 'pcroley5@vinaora.com', '4wCmfmtxhtV', 'Pyotr', 'Croley', '63384 Shasta Junction', 'standard', '', '2020-10-09 08:25:48', '2020-10-23 05:35:09', '2020-08-14 11:32:00');
insert into users (id, username, email, password, first_name, last_name, address, profile, image, created_at, updated_at, deleted_at) values (7, 'ntharme6', 'ntharme6@godaddy.com', 'JnQalRm1RajQ', 'Nilson', 'Tharme', '179 Vidon Plaza', 'standard', '', '2020-07-10 06:18:09', '2020-04-30 11:09:25', '2020-03-05 15:54:10');
insert into users (id, username, email, password, first_name, last_name, address, profile, image, created_at, updated_at, deleted_at) values (8, 'cbarden7', 'cbarden7@hatena.ne.jp', 'SvJubDS', 'Catina', 'Barden', '68381 Manitowish Road', 'standard', '', '2020-09-18 16:09:46', '2020-05-23 11:38:53', '2020-04-25 17:15:04');
insert into users (id, username, email, password, first_name, last_name, address, profile, image, created_at, updated_at, deleted_at) values (9, 'smacfadden8', 'smacfadden8@aboutads.info', 'KAY4DN4m', 'Steven', 'MacFadden', '0813 Mayfield Road', 'standard', '', '2020-09-19 23:52:33', '2020-03-07 10:26:20', '2020-12-10 16:20:23');
insert into users (id, username, email, password, first_name, last_name, address, profile, image, created_at, updated_at, deleted_at) values (10, 'rfewster9', 'rfewster9@indiegogo.com', 'CgjwTF', 'Rozamond', 'Fewster', '369 Troy Center', 'standard', '', '2020-02-07 14:28:17', '2020-03-28 20:39:26', '2020-08-06 13:05:22');


-- -----------------------------------------------------
-- Table `electro8DB`.`products`
-- -----------------------------------------------------

insert into products (id, name, brand, price, description, discount, stock, speed, battery, wheel, light, folding, brake, color, weight, image, created_at, updated_at, deleted_at, categories_id, warranties_id) values (1, 'Canasto S PLUS', 'Segway', 84800, 'Made of water-resistant nylon with polyester lining, the 15.6 inch Segway Ninebot Backpack comes with built-in USB port and anti-theft compartment for security.', 25, 97, 100, 0, 1, 0, 0, 'Electronic', 'Puce', 14, 'acc-100-Loading-basket.jpg', '2020-10-24 05:01:55', '2020-05-14 11:46:27', '2020-11-27 17:43:44', 5, 6);
insert into products (id, name, brand, price, description, discount, stock, speed, battery, wheel, light, folding, brake, color, weight, image, created_at, updated_at, deleted_at, categories_id, warranties_id) values (2, 'Mochila PJ16BB', 'Segway', 11300, 'Made of water-resistant nylon with polyester lining, the 15.6 inch Segway Ninebot Backpack comes with built-in USB port and anti-theft compartment for security.', 30, 89, 100, 1, 1, 0, 0, 'Electronic', 'Puce', 75, 'acc-101-backpack-pj.jpeg', '2020-11-09 15:50:12', '2020-06-16 04:36:47', '2020-03-13 09:17:06', 5, 6);
insert into products (id, name, brand, price, description, discount, stock, speed, battery, wheel, light, folding, brake, color, weight, image, created_at, updated_at, deleted_at, categories_id, warranties_id) values (3, 'Bateria externa de monopatin', 'Segway', 10150, 'The Extended Battery is compatible with the Ninebot KickScooter by Segway ES1 & ES2. It is easy to install and nearly doubles the range of both models from 15.5 miles to 28 miles.', 60, 81, 100, 1, 1, 1, 0, 'Mecanic', 'Purple', 36, 'acc-102-External-BATERIA.png', '2019-12-28 21:22:44', '2019-12-27 16:13:10', '2019-12-22 05:26:23', 5, 2);
insert into products (id, name, brand, price, description, discount, stock, speed, battery, wheel, light, folding, brake, color, weight, image, created_at, updated_at, deleted_at, categories_id, warranties_id) values (4, 'Casco de seguridad Blanco', 'Segway', 94600, 'Unica fábrica de cascos de Argentina con doble certificación IRAM – AITA 3621/2002 e INTI (CHAS), esto significa que ha obtenido la Certificación de Homologación de Autopartes y Elementos de Seguridad.', 55, 42, 100, 0, 1, 1, 1, 'Electronic', 'Goldenrod', 14, 'acc-103-CASCO-w01.jpg', '2019-12-24 06:18:26', '2020-01-03 18:19:08', '2020-11-17 07:42:12', 5, 9);
insert into products (id, name, brand, price, description, discount, stock, speed, battery, wheel, light, folding, brake, color, weight, image, created_at, updated_at, deleted_at, categories_id, warranties_id) values (5, 'Soporte de celular', 'Segway', 67900, 'Funda a prueba de agua. Para manubrios hasta 24mm. de diámetro.Compatible con celulares de hasta 14x7 centimetros.', 50, 28, 100, 1, 1, 1, 0, 'Electronic', 'Pink', 65, 'acc-105-Soporte-celular.jpg', '2020-09-19 06:57:28', '2020-08-18 18:10:01', '2020-02-25 05:01:29', 5, 9);
insert into products (id, name, brand, price, description, discount, stock, speed, battery, wheel, light, folding, brake, color, weight, image, created_at, updated_at, deleted_at, categories_id, warranties_id) values (6, 'Bolso de Manubrio', 'Segway', 12800, 'Impermeable. Dos bosillos red en los laterales.Medidas 17 cm x 24 cm x 14 cm (alto, ancho, profundidad).En la tapa superior puede entrar un celular, el espacio es de 20 x 13 cm', 20, 13, 100, 1, 0, 1, 0, 'Electronic', 'Red', 19, 'acc-104-BOLSO002.jpg', '2020-05-24 20:52:37', '2020-08-19 18:51:11', '2020-07-23 09:59:14', 5, 6);
insert into products (id, name, brand, price, description, discount, stock, speed, battery, wheel, light, folding, brake, color, weight, image, created_at, updated_at, deleted_at, categories_id, warranties_id) values (7, 'Bicicleta Electrica Azul', 'Mountagne', 58000, 'Una bicicleta con suspensión full, con la potencia y tracción necesarias para hacer que cualquier recorrido sea posible, y cualquier situación, emocionante.', 5, 79, 100, 1, 1, 0, 1, 'Mecanic', 'Green', 89, 'bic-200-blue-electric-bike-794411_00.jpg', '2020-07-02 05:23:28', '2020-02-29 09:51:40', '2020-03-17 20:54:30', 4, 4);
insert into products (id, name, brand, price, description, discount, stock, speed, battery, wheel, light, folding, brake, color, weight, image, created_at, updated_at, deleted_at, categories_id, warranties_id) values (8, 'Bicicleta Electrica Blanca', 'Mountagne', 47300, 'Se destaca en cualquier terreno, especialmente en subidas y bajadas empinadas. Desde subidas a curvas pronunciadas, las cubiertas de 27,5 de ancho ofrecen una tracción sobresaliente.', 15, 85, 100, 0, 0, 0, 1, 'Electronic', 'Red', 89, 'bic-201-black-.jpg', '2020-06-27 16:14:15', '2020-04-16 16:47:50', '2020-02-01 05:00:01', 4, 7);
insert into products (id, name, brand, price, description, discount, stock, speed, battery, wheel, light, folding, brake, color, weight, image, created_at, updated_at, deleted_at, categories_id, warranties_id) values (9, 'Bicicleta Electrica pegable Blanca', 'Mountagne', 64000, 'Se destaca en cualquier terreno, especialmente en subidas y bajadas empinadas. Desde subidas a curvas pronunciadas, las cubiertas de 27,5 de ancho ofrecen una tracción sobresaliente.', 5, 17, 100, 0, 1, 1, 0, 'Electronic', 'Purple', 98, 'bic-202-pegable-blanca.jpg', '2020-10-27 17:31:14', '2020-07-29 14:37:21', '2020-05-29 10:54:45', 4, 7);
insert into products (id, name, brand, price, description, discount, stock, speed, battery, wheel, light, folding, brake, color, weight, image, created_at, updated_at, deleted_at, categories_id, warranties_id) values (10, 'Monociclo S3', 'Segway', 67400, 'Potencia y Estabilidad con un Diseño Innovador. El corazón de nuestro Smart Balance late con fuerza gracias a su batería li-ion, que le confiere una autonomía de hasta 20 kilómetros, gracias a una capacidad de carga de 4400mAh.', 10, 98, 100, 1, 0, 1, 0, 'Mecanic', 'Mauv', 60, 'mc-400-SEGWAY-ONE-S2.jpeg', '2020-02-04 20:50:11', '2020-12-11 10:39:18', '2020-10-03 14:38:15', 3, 5);
insert into products (id, name, brand, price, description, discount, stock, speed, battery, wheel, light, folding, brake, color, weight, image, created_at, updated_at, deleted_at, categories_id, warranties_id) values (11, 'One Z10', 'Segway', 900, 'Potencia y Estabilidad con un Diseño Innovador. El corazón de nuestro Smart Balance late con fuerza gracias a su batería li-ion, que le confiere una autonomía de hasta 20 kilómetros, gracias a una capacidad de carga de 4400mAh.', 10, 98, 100, 1, 0, 1, 0, 'Mecanic', 'Mauv', 60, 'mc-401-SEGWAY-NINEBOT-ONE-Z10.jpeg', '2020-02-04 20:50:11', '2020-12-11 10:39:18', '2020-10-03 14:38:15', 3, 5);
insert into products (id, name, brand, price, description, discount, stock, speed, battery, wheel, light, folding, brake, color, weight, image, created_at, updated_at, deleted_at, categories_id, warranties_id) values (12, 'Monociclo Pro Blanco', 'Segway', 900, 'Potencia y Estabilidad con un Diseño Innovador. El corazón de nuestro Smart Balance late con fuerza gracias a su batería li-ion, que le confiere una autonomía de hasta 20 kilómetros, gracias a una capacidad de carga de 4400mAh.', 10, 98, 100, 1, 0, 1, 0, 'Mecanic', 'Mauv', 60, 'mc-402-segway-PRO-WHITE.jpg', '2020-02-04 20:50:11', '2020-12-11 10:39:18', '2020-10-03 14:38:15', 1, 5);
insert into products (id, name, brand, price, description, discount, stock, speed, battery, wheel, light, folding, brake, color, weight, image, created_at, updated_at, deleted_at, categories_id, warranties_id) values (13, 'Karting Electrico', 'Segway', 900, 'Con el karting eléctrico vas a poder moverte de forma LIMPIA y ECOLÓGICA por toda la ciudad.Con su gran autonomía, suave aceleración y una velocidad máxima de 20 km/h, es ideal para recorrer la ciudad o trabajar sin gastar en combustible.', 10, 98, 100, 1, 0, 1, 0, 'Mecanic', 'Mauv', 60, 'mc-403-go-KART.jpg', '2020-02-04 20:50:11', '2020-12-11 10:39:18', '2020-10-03 14:38:15', 3, 5);
insert into products (id, name, brand, price, description, discount, stock, speed, battery, wheel, light, folding, brake, color, weight, image, created_at, updated_at, deleted_at, categories_id, warranties_id) values (14, 'Monopatin electrico Max', 'Segway', 900, 'Práctico, rápido y económico.Con todas las ventajas de la micromovilidad, ideal para recorrer distancias cortas en entornos urbanos.De aluminio, plegable y ultraliviano.', 10, 98, 100, 1, 0, 1, 0, 'Mecanic', 'Mauv', 60, 'mp-300-Ninebot-KICKSCOOTER-Max.png', '2020-02-04 20:50:11', '2020-12-11 10:39:18', '2020-10-03 14:38:15', 2, 5);
insert into products (id, name, brand, price, description, discount, stock, speed, battery, wheel, light, folding, brake, color, weight, image, created_at, updated_at, deleted_at, categories_id, warranties_id) values (15, 'Monopatin Electrico ES', 'Segway', 900, 'Práctico, rápido y económico.Con todas las ventajas de la micromovilidad, ideal para recorrer distancias cortas en entornos urbanos.De aluminio, plegable y ultraliviano.', 10, 98, 100, 1, 0, 1, 0, 'Mecanic', 'Mauv', 60, 'mp-301-Segway-Ninebot-Kickscooter-ES2.png', '2020-02-04 20:50:11', '2020-12-11 10:39:18', '2020-10-03 14:38:15', 2, 5);
insert into products (id, name, brand, price, description, discount, stock, speed, battery, wheel, light, folding, brake, color, weight, image, created_at, updated_at, deleted_at, categories_id, warranties_id) values (16, 'Monopatin Electrico', 'Segway', 900, 'Práctico, rápido y económico. Con todas las ventajas de la micromovilidad, ideal para recorrer distancias cortas en entornos urbanos.De aluminio, plegable y ultraliviano.', 10, 98, 100, 1, 0, 1, 0, 'Mecanic', 'Mauv', 60, 'mp-302-Ninebot-Segway-KickScooter.jpg', '2020-02-04 20:50:11', '2020-12-11 10:39:18', '2020-10-03 14:38:15', 2, 5);
insert into products (id, name, brand, price, description, discount, stock, speed, battery, wheel, light, folding, brake, color, weight, image, created_at, updated_at, deleted_at, categories_id, warranties_id) values (17, 'Monopatin Electrico air t15', 'Segway', 900, 'Práctico, rápido y económico. Con todas las ventajas de la micromovilidad, ideal para recorrer distancias cortas en entornos urbanos.De aluminio, plegable y ultraliviano.', 10, 98, 100, 1, 0, 1, 0, 'Mecanic', 'Mauv', 60, 'mp-303-ninebot-air-t15.png', '2020-02-04 20:50:11', '2020-12-11 10:39:18', '2020-10-03 14:38:15', 2, 5);
insert into products (id, name, brand, price, description, discount, stock, speed, battery, wheel, light, folding, brake, color, weight, image, created_at, updated_at, deleted_at, categories_id, warranties_id) values (18, 'Bicicleta Electrica Blanca S1', 'Mountagne', 900, 'Se destaca en cualquier terreno, especialmente en subidas y bajadas empinadas. Desde subidas a curvas pronunciadas, las cubiertas de 27,5 de ancho ofrecen una tracción sobresaliente.', 10, 98, 100, 1, 0, 1, 0, 'Mecanic', 'Mauv', 60, 'bic-201-black-.jpg', '2020-02-04 20:50:11', '2020-12-11 10:39:18', '2020-10-03 14:38:15', 7, 5);
insert into products (id, name, brand, price, description, discount, stock, speed, battery, wheel, light, folding, brake, color, weight, image, created_at, updated_at, deleted_at, categories_id, warranties_id) values (19, 'Monociclo S2', 'Segway', 900, 'Potencia y Estabilidad con un Diseño Innovador. El corazón de nuestro Smart Balance late con fuerza gracias a su batería li-ion, que le confiere una autonomía de hasta 20 kilómetros, gracias a una capacidad de carga de 4400mAh.', 10, 98, 100, 1, 0, 1, 0, 'Mecanic', 'Mauv', 60, 'mc-406-MONOCICLO-CICLO.png', '2020-02-04 20:50:11', '2020-12-11 10:39:18', '2020-10-03 14:38:15', 7, 5);
insert into products (id, name, brand, price, description, discount, stock, speed, battery, wheel, light, folding, brake, color, weight, image, created_at, updated_at, deleted_at, categories_id, warranties_id) values (20, 'Monopatin Electrico ES2', 'Segway', 900, 'Práctico, rápido y económico. Con todas las ventajas de la micromovilidad, ideal para recorrer distancias cortas en entornos urbanos.De aluminio, plegable y ultraliviano.', 10, 98, 100, 1, 0, 1, 0, 'Mecanic', 'Mauv', 60, 'mp-301-Segway-Ninebot-Kickscooter-ES2.png', '2020-02-04 20:50:11', '2020-12-11 10:39:18', '2020-10-03 14:38:15', 7, 5);
insert into products (id, name, brand, price, description, discount, stock, speed, battery, wheel, light, folding, brake, color, weight, image, created_at, updated_at, deleted_at, categories_id, warranties_id) values (21, 'Monopatin Electrico S1', 'Segway', 900, 'Práctico, rápido y económico. Con todas las ventajas de la micromovilidad, ideal para recorrer distancias cortas en entornos urbanos.De aluminio, plegable y ultraliviano.', 10, 98, 100, 1, 0, 1, 0, 'Mecanic', 'Mauv', 60, 'mp-302-Ninebot-Segway-KickScooter.jpg', '2020-02-04 20:50:11', '2020-12-11 10:39:18', '2020-10-03 14:38:15', 7, 5);
insert into products (id, name, brand, price, description, discount, stock, speed, battery, wheel, light, folding, brake, color, weight, image, created_at, updated_at, deleted_at, categories_id, warranties_id) values (22, 'Karting Electrico s2', 'Segway', 900, 'Con el karting eléctrico vas a poder moverte de forma LIMPIA y ECOLÓGICA por toda la ciudad.Con su gran autonomía, suave aceleración y una velocidad máxima de 20 km/h, es ideal para recorrer la ciudad o trabajar sin gastar en combustible.', 10, 98, 100, 1, 0, 1, 0, 'Mecanic', 'Mauv', 60, 'mc-403-go-KART.jpg', '2020-02-04 20:50:11', '2020-12-11 10:39:18', '2020-10-03 14:38:15', 6, 5);
insert into products (id, name, brand, price, description, discount, stock, speed, battery, wheel, light, folding, brake, color, weight, image, created_at, updated_at, deleted_at, categories_id, warranties_id) values (23, 'Bicicleta Electrica Blanca S2', 'Mountagne', 900, 'Se destaca en cualquier terreno, especialmente en subidas y bajadas empinadas. Desde subidas a curvas pronunciadas, las cubiertas de 27,5 de ancho ofrecen una tracción sobresaliente.', 10, 98, 100, 1, 0, 1, 0, 'Mecanic', 'Mauv', 60, 'bic-201-black-.jpg', '2020-02-04 20:50:11', '2020-12-11 10:39:18', '2020-10-03 14:38:15', 6, 5);
insert into products (id, name, brand, price, description, discount, stock, speed, battery, wheel, light, folding, brake, color, weight, image, created_at, updated_at, deleted_at, categories_id, warranties_id) values (24, 'Dualciclo Pro Negro', 'Segway', 900, 'Potencia y Estabilidad con un Diseño Innovador. El corazón de nuestro Smart Balance late con fuerza gracias a su batería li-ion, que le confiere una autonomía de hasta 20 kilómetros, gracias a una capacidad de carga de 4400mAh.', 10, 98, 100, 1, 0, 1, 0, 'Mecanic', 'Mauv', 60, 'dc-501-Products-Segway-Ninebot.png', '2020-02-04 20:50:11', '2020-12-11 10:39:18', '2020-10-03 14:38:15', 6, 5);
insert into products (id, name, brand, price, description, discount, stock, speed, battery, wheel, light, folding, brake, color, weight, image, created_at, updated_at, deleted_at, categories_id, warranties_id) values (25, 'Monopatin electrico Max S2', 'Segway', 900, 'Práctico, rápido y económico.Con todas las ventajas de la micromovilidad, ideal para recorrer distancias cortas en entornos urbanos.De aluminio, plegable y ultraliviano.', 10, 98, 100, 1, 0, 1, 0, 'Mecanic', 'Mauv', 60, 'mp-300-Ninebot-KICKSCOOTER-Max.png', '2020-02-04 20:50:11', '2020-12-11 10:39:18', '2020-10-03 14:38:15', 6, 5);
insert into products (id, name, brand, price, description, discount, stock, speed, battery, wheel, light, folding, brake, color, weight, image, created_at, updated_at, deleted_at, categories_id, warranties_id) values (26, 'Monociclo One s2', 'Segway', 900, 'Be adventurous and get more out of life. Plug in 30 kilometers of fast-paced fun and reach out to those places you couldn''t reach before.', 10, 98, 100, 1, 0, 1, 0, 'Mecanic', 'Mauv', 60, 'mc-405-one-s2-resized.png', '2020-02-04 20:50:11', '2020-12-11 10:39:18', '2020-10-03 14:38:15', 6, 5);
insert into products (id, name, brand, price, description, discount, stock, speed, battery, wheel, light, folding, brake, color, weight, image, created_at, updated_at, deleted_at, categories_id, warranties_id) values (27, 'Dualciclo Pro Negro y Gris', 'Segway', 900, 'Potencia y Estabilidad con un Diseño Innovador. El corazón de nuestro Smart Balance late con fuerza gracias a su batería li-ion, que le confiere una autonomía de hasta 20 kilómetros, gracias a una capacidad de carga de 4400mAh.', 10, 98, 100, 1, 0, 1, 0, 'Mecanic', 'Mauv', 60, 'dc-501-Products-Segway-Ninebot.png', '2020-02-04 20:50:11', '2020-12-11 10:39:18', '2020-10-03 14:38:15', 1, 5);
insert into products (id, name, brand, price, description, discount, stock, speed, battery, wheel, light, folding, brake, color, weight, image, created_at, updated_at, deleted_at, categories_id, warranties_id) values (28, 'Dual Scooter', 'Segway', 900, 'El Balance Scooter también conocido como Hoverboards se convertirá en la forma más económica, ecológica y divertida de moverte. Gracias al gran avance tecnológico podrás deleitarte de un magnifico paseo, desplazándote de una forma diferente, usando tan solo el equilibrio de tu cuerpo para moverte.', 10, 98, 100, 1, 0, 1, 0, 'Mecanic', 'Mauv', 60, 'dc-500-dual-scooter-ES6 .jpg', '2020-02-04 20:50:11', '2020-12-11 10:39:18', '2020-10-03 14:38:15', 1, 5);

-- -----------------------------------------------------
-- Table `electro8DB`.`carts`
-- -----------------------------------------------------

insert into carts (id, total_price, created_at, updated_at, deleted_at, users_id) values (1, 265883.86, '2020-02-08 20:13:28', '2020-05-18 10:19:45', '2020-10-10 16:59:26', 1);
insert into carts (id, total_price, created_at, updated_at, deleted_at, users_id) values (2, 480320.0, '2020-07-06 08:41:04', '2020-07-31 18:32:58', '2020-10-18 12:14:32', 2);
insert into carts (id, total_price, created_at, updated_at, deleted_at, users_id) values (3, 878182.2, '2020-01-14 22:24:35', '2020-06-10 01:53:38', '2020-10-16 08:54:37', 3);
insert into carts (id, total_price, created_at, updated_at, deleted_at, users_id) values (4, 613623.57, '2020-01-29 08:59:32', '2020-02-18 19:50:15', '2020-07-01 01:54:18', 4);
insert into carts (id, total_price, created_at, updated_at, deleted_at, users_id) values (5, 637391.79, '2020-10-01 09:32:04', '2020-05-19 16:00:19', '2020-10-24 18:01:48', 5);
insert into carts (id, total_price, created_at, updated_at, deleted_at, users_id) values (6, 407393.68, '2020-08-25 06:18:08', '2020-12-20 20:32:43', '2020-07-16 20:07:39', 6);
insert into carts (id, total_price, created_at, updated_at, deleted_at, users_id) values (7, 625703.0, '2020-07-19 09:11:45', '2020-02-17 03:29:30', '2020-01-25 06:46:35', 7);
insert into carts (id, total_price, created_at, updated_at, deleted_at, users_id) values (8, 727540.51, '2020-08-07 07:23:57', '2020-02-09 16:43:16', '2020-12-11 03:21:51', 8);
insert into carts (id, total_price, created_at, updated_at, deleted_at, users_id) values (9, 25934.46, '2020-05-07 03:55:38', '2020-08-03 03:46:12', '2020-06-02 15:02:03', 9);
insert into carts (id, total_price, created_at, updated_at, deleted_at, users_id) values (10, 142923.42, '2020-03-03 00:24:36', '2020-08-05 21:12:35', '2020-03-16 07:33:17', 10);


-- -----------------------------------------------------
-- Table `electro8DB`.`cart_product`
-- -----------------------------------------------------

insert into cart_product (id, quantity, unit_price, subtotal, created_at, updated_at, deleted_at, carts_id, products_id) values (1, 78, 1000.00, 100, '2020-03-30 19:38:47', '2020-11-18 02:27:42', '2020-02-11 21:04:38', 1, 1);
insert into cart_product (id, quantity, unit_price, subtotal, created_at, updated_at, deleted_at, carts_id, products_id) values (2, 43, 80000.00, 100, '2020-03-22 17:24:30', '2020-11-29 05:25:22', '2020-05-22 22:27:25', 2, 2);
insert into cart_product (id, quantity, unit_price, subtotal, created_at, updated_at, deleted_at, carts_id, products_id) values (3, 68, 58000.00, 100, '2020-06-04 19:09:44', '2020-06-17 22:52:01', '2020-05-23 05:48:40', 3, 3);
insert into cart_product (id, quantity, unit_price, subtotal, created_at, updated_at, deleted_at, carts_id, products_id) values (4, 61, 4500.0, 100, '2020-09-01 19:31:25', '2020-07-08 02:13:04', '2020-06-01 18:27:37', 4, 4);
insert into cart_product (id, quantity, unit_price, subtotal, created_at, updated_at, deleted_at, carts_id, products_id) values (5, 85, 15000.00, 100, '2020-08-16 12:38:01', '2020-03-19 21:21:29', '2020-06-29 16:31:34', 5, 5);
insert into cart_product (id, quantity, unit_price, subtotal, created_at, updated_at, deleted_at, carts_id, products_id) values (6, 45, 46500.00, 100, '2020-05-06 02:50:10', '2020-02-02 04:23:04', '2020-03-28 06:10:10', 6, 6);
insert into cart_product (id, quantity, unit_price, subtotal, created_at, updated_at, deleted_at, carts_id, products_id) values (7, 32, 85400.00, 100, '2020-02-06 15:55:32', '2020-08-29 01:35:36', '2020-07-02 09:02:38', 7, 7);
insert into cart_product (id, quantity, unit_price, subtotal, created_at, updated_at, deleted_at, carts_id, products_id) values (8, 13, 4800.00, 100, '2020-11-18 20:17:17', '2020-05-14 21:37:20', '2020-12-09 16:09:22', 8, 8);
insert into cart_product (id, quantity, unit_price, subtotal, created_at, updated_at, deleted_at, carts_id, products_id) values (9, 74, 19700.00, 100, '2020-09-30 23:00:57', '2020-10-08 06:38:26', '2020-02-18 06:26:22', 9, 9);
insert into cart_product (id, quantity, unit_price, subtotal, created_at, updated_at, deleted_at, carts_id, products_id) values (10, 77, 77500.00, 100, '2020-07-29 20:28:44', '2020-11-28 23:13:35', '2020-03-17 01:57:16', 10, 10);
